<?xml version="1.0" encoding="UTF-8"?>
<project-private xmlns="http://www.netbeans.org/ns/project-private/1">
    <editor-bookmarks xmlns="http://www.netbeans.org/ns/editor-bookmarks/2" lastBookmarkId="0"/>
    <open-files xmlns="http://www.netbeans.org/ns/projectui-open-files/2">
        <group>
            <file>file:/C:/xampp/htdocs/2trimestre/league-table-pablodaw2024/index.php</file>
            <file>file:/C:/xampp/htdocs/2trimestre/league-table-pablodaw2024/views/teams_form.blade.php</file>
            <file>file:/C:/xampp/htdocs/2trimestre/league-table-pablodaw2024/views/matches_form.blade.php</file>
            <file>file:/C:/xampp/htdocs/2trimestre/league-table-pablodaw2024/views/standings.blade.php</file>
            <file>file:/C:/xampp/htdocs/2trimestre/league-table-pablodaw2024/README.md</file>
        </group>
    </open-files>
</project-private>
